

Sample search url:

https://www.aerlingus.com/html/flightSearchResult.html#/fareType=RETURN&fareCategory=ECONOMY&numAdults=1&numChildren=0&numInfants=0&promoCode=&groupBooking=false&sourceAirportCode_0=DUB&destinationAirportCode_0=SYD&departureDate_0=2016-02-05&sourceAirportCode_1=SYD&destinationAirportCode_1=DUB&departureDate_1=2016-02-07


Breaking down the URL

fareType (Can be RETURN or ONEWAY)
numAdults (int)
numChildren (int)
numInfants  (int)
promoCode (?) 
GroupBooking (true or false)
sourceAirportCode_0 (The airport you are flying out ofs code) 1 is the inverse
destinationAirportCode_0 (The arrival airports code)		  1 is the inverse
departureDate_0 (The date you fly out on YYYY-MM-DD) 1 is the day you fly home on


Flights from Dublin can go to{
	Australia
		- Melbourne 						: MEL
		- Perth								: PER
		- Sydney							: SYD
		
	Austria
		- Vienna							: VIE
		
	Bahrain
		- Bahrain							: BAH
		
	Belgium
		- Brussels							: BRU
		
	Bulgaria
		- Bourgas/Bulgaria					: BOJ
		
	Canada
		- Calgary							: YYC
		- Dedmonton							: YEG
		- Halifax							: YHZ
		- Montreal, P.E Trudeau Intl, QU	: YUL
		- Ottawa, ON						: YOW
		- Quebec City						: YQB
		- Regina							: YQR
		- Saskatoon							: YXE
		- St. Johns NL						: YYT
		- Toronto							: YYZ
		- Vancouver							: YVR
		- Victortia							: YYJ
		- Winnipeg							: YWG
		
	Croatia
		- Dubrovnik							: DBV
		- Pula								: PUY
		
	Czech Republic
		- Prague							: PRG
	
	Denmark
		- Copenhagen						: CPH
		
	France
		- Bordeaux							: BOD
		- Lyon								: LYS
		- Marseille							: MRS
		- Montpellier						: MPL
		- Nantes							: NTE
		- Nice								: NCE
		- Paris								: CDG
		- Perpignan							: PGF
		- Rennes							: RNS
		- Toulouse							: TLS
		
	Germany
		- Berlin							: TLX
		- Dusseldorf						: DUS
		- Frankfurt							: FRA
		- Hamburg							: HAM
		- Munich							: MUC
		- Stuttgart							: STR
		
	Greece
		- Athens							: ATH
		- Corfu								: CFU
		
	Hungary
		- Budapest							: BUD
		
	Ireland
		- Donegal							: CFN
		- Kerry								: KIR
		
	Italy
		- Bologna							: BLQ
		- Catania/Sicily					: CTA
		- Milan Italy Area					: MIL
		- Milan/Linate						: LIN
		- Milan/Malpensa					: MXP
		- Naples							: NAP
		- Pisa								: PSA
		- Rome/DaVinci						: FCO
		- Venice							: VCE
		- Verona							: VRN
		
	Morocco
		- Agadir/Morocco					: AGA
	
	Netherlands
		- Amsterdam							: AMS
		
	Oman
		- Muscat							: MCT
		
	Poland
		- Warsaw							: WAW
		
	Portugal
		- Faro Algarve						: FAO
		- Lisbon							: LIS
		
	Spain
		- Alicante							: ALC
		- Barcelona							: BCN
		- Bilbao							: BIO
		- Fuerteventura						: FUE
		- Gran Canaria						: LPA
		- Lanzarote							: ACE
		- Madrid							: AGP
		- Malaga							: AGP
		- Murcia (San Javier)				: MJV
		- Palma Majorca						: PMI
		- Santiago de Compostela			: SCQ
		- Tenerife							: TFS
		
	Switzerland
		- Geneva							: GVA
		- Zurich							: ZRH
		
	Turkey
		- Izmir								: ADB
		
	United Kingdom
		- Aberdeen							: ABZ
		- Birmingham						: BHX
		- Bristol							: BRS
		- Cardiff							: CWL
		- Doncaster, Sheffield				: DSA
		- East Midlands						: EMA
		- Edinburgh							: EDI
		- Glasgow							: GLA
		- Isle of Man						: IOM
		- Jersey						 	: JER
		- Leeds Bradford					: LBA
		- Liverpool							: LPL
		- London England Area				: LON
		- London City Airport				: LCY
		- London Gatwick					: LGW
		- London Heathrow					: LHR
		- Manchester						: MAN
		- Newcastle							: NCL
		- Nequay							: NQY
		
	United States 
		- Laziness paste
		Boston (BOS), Massachusetts, USA
		Chicago/OHare (ORD), Illinois, USA
		Hartford (BDL), Connecticut, USA
		L.A. Los Angeles (LAX), California, USA
		New York (JFK), New York, USA
		Newark NJ (EWR), New Jersey, USA
		Orlando (MCO), Florida, USA
		San Francisco (SFO), California, USA
		Washington Dulles (IAD), District of Columbia, USA
		- - -
		Aguadilla (BQN), Puerto Rico, USA
		Akron-Canton (CAK), Ohio, USA
		Albany (ALB), New York, USA
		Atlanta (ATL), Georgia, USA
		Austin (AUS), Texas, USA
		Boise (BOI), Idaho, USA
		Boston (BOS), Massachusetts, USA
		Buffalo (BUF), New York, USA
		Burlington (BTV), Vermont, USA
		Cedar Rapids (CID), Iowa, USA
		Charleston (CHS), South Carolina, USA
		Charlotte (CLT), North Carolina, USA
		Chicago/OHare (ORD), Illinois, USA
		Cincinnati (CVG), Ohio, USA
		Cleveland (CLE), Ohio, USA
		Columbia (CAE), South Carolina, USA
		Columbus (CMH), Ohio, USA
		Dallas (DFW), Texas, USA
		Dayton (DAY), Ohio, USA
		Denver (DEN), Colorado, USA
		Des Moines (DSM), Iowa, USA
		Detroit (DTW), Michigan, USA
		Duluth (DLH), Minnesota, USA
		Eugene, Oregon (EUG), Oregon, USA
		Fargo (FAR), North Dakota, USA
		Fort Lauderdale (FLL), Florida, USA
		Fort Myers (RSW), Florida, USA
		Fort Wayne (FWA), Indiana, USA
		Fresno, CA (FAT), California, USA
		Grand Rapids (GRR), Michigan, USA
		Greensboro (GSO), North Carolina, USA
		Greenville (GSP), South Carolina, USA
		Harrisburg, PA (MDT), Pennsylvania, USA
		Hartford (BDL), Connecticut, USA
		Honolulu, HI (HNL), Hawaii, USA
		Houston/George Bush (IAH), Texas, USA
		Houston/Hobby (HOU), Texas, USA
		Hyannis, MA (HYA), Massachusetts, USA
		Indianapolis (IND), Indiana, USA
		Jacksonville (JAX), Florida, USA
		Kansas City (MCI), Missouri, USA
		Knoxville (TYS), Tennessee, USA
		L.A. Burbank (BUR), California, USA
		L.A. Long Beach (LGB), California, USA
		L.A. Los Angeles (LAX), California, USA
		Las Vegas (LAS), Nevada, USA
		Lexington, Kentucky (LEX), Kentucky, USA
		Little Rock (LIT), Arkansas, USA
		Louisville, Kentucky (SDF), Kentucky, USA
		Madison (MSN), Wisconsin, USA
		Marthas Vineyard, MA (MVY), Massachusetts, USA
		Maui, HI (OGG), Hawaii, USA
		Medford, OR (MFR), Oregon, USA
		Memphis (MEM), Tennessee, USA
		Miami (MIA), Florida, USA
		Milwaukee (MKE), Wisconsin, USA
		Minneapolis (MSP), Minnesota, USA
		Monterey, CA (MRY), California, USA
		Nantucket (ACK), Massachusetts, USA
		Nashville (BNA), Tennessee, USA
		New Orleans (MSY), Louisiana, USA
		New York (JFK), New York, USA
		Newark NJ (EWR), New Jersey, USA
		Norfolk (ORF), Virginia, USA
		Oakland (OAK), California, USA
		Oklahoma City (OKC), Oklahoma, USA
		Omaha, Nebraska (OMA), Nebraska, USA
		Orange County (SNA), California, USA
		Orlando (MCO), Florida, USA
		Palm Springs, CA (PSP), California, USA
		Philadelphia (PHL), Pennsylvania, USA
		Phoenix (PHX), Arizona, USA
		Pittsburgh (PIT), Pennsylvania, USA
		Ponce (PSE), Puerto Rico, USA
		Portland, Maine (PWM), Maine, USA
		Portland, Oregon (PDX), Oregon, USA
		Providence (PVD), Rhode Island, USA
		Raleigh-Durham (RDU), North Carolina, USA
		Reno, NV (RNO), Nevada, USA
		Richmond (RIC), Virginia, USA
		Rochester (ROC), New York, USA
		Sacramento (SMF), California, USA
		Salt Lake City (SLC), Utah, USA
		San Antonio (SAT), Texas, USA
		San Diego (SAN), California, USA
		San Francisco (SFO), California, USA
		San Jose (SJC), California, USA
		San Juan (SJU), Puerto Rico, USA
		San Luis Obispo (SBP), California, USA
		Santa Barbara (SBA), California, USA
		Savannah (SAV), Georgia, USA
		Seattle (SEA), Washington, USA
		Sioux Falls (FSD), South Dakota, USA
		Springfield (SGF), Missouri, USA
		St Louis (STL), Missouri, USA
		Syracuse (SYR), New York, USA
		Tampa (TPA), Florida, USA
		Traverse City (TVC), Michigan, USA
		Tucson, AZ (TUS), Arizona, USA
		Tulsa (TUL), Oklahoma, USA
		Washington Baltimore (BWI), Maryland, USA
		Washington Dulles (IAD), District of Columbia, USA
		Washington Reagan (DCA), District of Columbia, USA
		West Palm Beach (PBI), Florida, USA
		Wichita (ICT), Kansas, USA
		 Return Trip
		 One Way
		 Multi-City
		Outbound dateDay
		2
		 Month
		Feb
		 Year 
		2016
		Inbound dateDay
		4
		 Month
		Feb
		 Year 
		2016
		1 Passenger(s)
		Low Fare

		Promotional Code
		 Find Flights

		? COLD, CHILLY DAYS
		? LAST MINUTE BREAK
		50% OFF EUROPE SUN AND CITIES
		TRAVEL 03 FEBRUARY TO 30 APRIL*
		View Offer
		 SPECIAL OFFERS  HOTELS  HOLIDAYS  CAR HIRE











}